Height,Diameter,Weight,Stain_Area,Eggshell_fissure,Leaks_presence,Internal_immaculacy,Specific_gravity,Motted_area,Internal_chamber_distance,Color_uniformity,Average_rugosity,Eggshell_thickness
54.471,47.521,65.632,6.43,48.0,False,True,1.081,7.1,6.4,1.9,0.7,0.309
54.471,47.574,65.623,6.75,16.0,False,True,1.051,2.8,3.6,4.5,1.8,0.399
54.471,47.524,65.608,2.18,23.0,False,True,1.071,5.0,5.9,4.7,0.8,0.348
55.539,46.168,64.498,7.74,64.0,True,True,1.052,0.8,4.9,5.0,7.4,0.412
55.539,46.135,64.414,8.23,69.0,False,True,1.064,1.0,6.8,5.7,6.9,0.333
55.539,46.124,64.456,6.93,61.0,False,False,1.082,5.8,3.9,0.9,7.4,0.363
55.609,45.374,67.087,1.91,105.0,True,True,1.078,5.2,4.1,2.2,5.4,0.334
55.621,45.324,67.554,5.7,78.0,False,True,1.051,1.4,5.1,0.6,6.7,0.371
55.675,45.367,67.009,6.82,121.0,True,True,1.067,1.6,7.0,4.8,5.0,0.363
55.981,45.845,65.712,8.26,86.0,False,False,1.072,2.1,5.6,0.2,9.7,0.342
55.981,45.825,65.112,5.09,105.0,True,False,1.076,4.5,7.2,3.4,9.6,0.429
55.981,45.858,65.962,4.23,51.0,False,True,1.059,3.2,4.3,4.6,5.0,0.425
56.323,45.765,64.713,7.44,69.0,False,True,1.073,1.4,6.5,3.4,0.5,0.393
56.362,45.776,64.709,8.92,119.0,False,False,1.071,5.2,4.0,4.7,1.5,0.446
56.381,45.765,64.705,7.51,104.0,False,True,1.072,5.9,3.9,0.7,9.0,0.309
56.419,45.678,64.789,8.67,134.0,False,True,1.05,6.7,6.0,1.0,4.4,0.318
56.435,45.146,64.003,3.55,110.0,False,True,1.066,5.6,4.3,2.0,0.5,0.415
56.457,46.823,65.601,2.66,18.0,True,True,1.051,0.6,3.7,4.7,0.3,0.388
56.481,46.834,65.632,3.06,80.0,False,True,1.084,4.7,5.1,4.5,4.8,0.448
56.624,45.345,65.607,8.5,10.0,False,True,1.064,1.8,4.8,5.8,5.5,0.422
56.627,46.308,65.442,9.29,143.0,True,True,1.086,6.1,6.0,3.7,8.7,0.303
56.654,46.378,65.414,0.93,31.0,False,True,1.072,6.7,6.1,5.1,5.7,0.343
56.661,45.345,68.006,7.23,143.0,False,False,1.068,0.4,3.2,3.8,7.2,0.306
56.683,45.324,65.612,2.23,111.0,False,False,1.065,5.6,6.7,1.0,4.9,0.339
56.691,45.347,68.092,3.61,72.0,True,True,1.081,0.1,5.9,4.0,5.1,0.415
56.824,46.924,65.751,6.54,77.0,False,True,1.081,3.9,7.0,2.4,3.7,0.446
56.824,46.438,65.613,8.63,19.0,False,True,1.055,6.0,6.5,2.6,7.4,0.356
56.835,46.498,65.653,0.08,55.0,False,True,1.068,6.5,3.1,2.8,4.6,0.358
56.874,46.979,65.992,5.22,55.0,False,True,1.07,0.4,6.9,5.6,0.8,0.353
56.918,45.517,65.002,0.28,83.0,True,True,1.067,5.3,7.2,2.4,5.6,0.316
56.972,45.535,65.523,8.6,12.0,True,True,1.081,0.1,6.5,5.5,2.3,0.447
57.045,46.528,66.866,4.44,73.0,False,True,1.077,0.4,3.3,3.4,4.6,0.392
57.091,47.567,66.287,6.48,77.0,False,True,1.089,4.4,5.3,4.1,6.2,0.372
57.131,45.589,65.112,5.05,22.0,False,True,1.052,3.1,7.2,5.3,10.1,0.398
57.149,45.556,65.112,8.11,16.0,False,True,1.069,1.6,4.2,1.0,7.1,0.43
57.225,46.27,65.723,7.41,86.0,False,True,1.083,2.9,3.4,5.3,3.6,0.39
57.225,45.527,66.098,3.95,109.0,False,True,1.054,4.0,3.4,1.5,2.8,0.411
57.254,46.234,65.722,5.8,124.0,True,False,1.053,2.0,3.2,0.3,7.8,0.426
57.267,45.125,66.661,3.93,130.0,False,True,1.063,3.5,4.2,4.4,0.7,0.35
57.278,45.537,66.331,2.04,10.0,False,True,1.084,7.1,4.1,3.2,2.8,0.394
57.293,45.104,66.023,6.79,132.0,False,True,1.086,5.8,6.7,3.7,3.7,0.308
57.305,45.578,65.812,5.56,18.0,False,True,1.057,1.2,7.1,1.4,9.7,0.309
57.311,44.921,65.765,3.04,121.0,True,True,1.058,0.8,7.2,5.3,7.9,0.365
57.321,46.448,68.009,7.43,145.0,False,True,1.079,6.3,5.1,4.0,4.3,0.305
57.325,45.264,65.812,5.68,51.0,False,True,1.078,5.2,5.2,3.2,7.6,0.379
57.354,46.468,68.131,2.34,125.0,False,True,1.072,6.8,4.6,3.1,7.4,0.378
57.361,45.348,65.808,8.93,105.0,True,True,1.085,1.8,4.4,5.8,1.8,0.359
57.381,45.276,65.802,7.27,87.0,False,True,1.058,2.5,3.9,0.6,0.3,0.379
57.385,44.905,65.724,3.01,9.0,False,True,1.086,6.6,5.8,0.0,2.6,0.374
57.406,45.808,66.052,1.01,123.0,True,True,1.071,6.2,6.1,4.7,5.4,0.418
57.409,45.835,66.405,8.44,11.0,True,True,1.071,4.9,6.4,4.1,8.6,0.392
57.414,46.146,67.008,7.44,3.0,False,True,1.052,1.3,4.7,3.6,5.9,0.31
57.421,45.228,66.213,5.77,91.0,False,True,1.086,3.6,5.3,4.8,6.4,0.378
57.423,46.179,67.986,1.16,53.0,True,True,1.071,5.5,4.5,2.6,8.6,0.382
57.434,45.607,65.367,5.69,97.0,True,True,1.051,6.7,5.4,3.5,8.9,0.423
57.435,45.668,65.332,8.74,74.0,False,True,1.072,1.6,6.7,2.5,0.4,0.36
57.481,45.217,66.312,8.33,51.0,False,True,1.079,1.7,5.0,1.3,7.7,0.31
57.515,44.426,65.802,8.67,47.0,True,True,1.06,0.4,6.6,1.9,4.0,0.419
57.519,45.248,65.231,7.25,94.0,False,True,1.062,1.5,6.8,0.7,4.7,0.431
57.523,45.268,65.457,7.27,125.0,False,False,1.05,3.2,5.5,0.9,0.7,0.31
57.554,44.418,65.811,8.31,1.0,False,True,1.082,2.7,6.0,2.9,3.1,0.39
57.614,45.637,65.613,0.23,79.0,False,True,1.053,3.7,6.9,1.4,0.8,0.338
57.615,45.425,65.301,8.02,97.0,False,True,1.084,4.1,4.1,1.6,9.6,0.438
57.621,45.697,65.668,2.69,106.0,True,True,1.09,3.2,6.0,2.5,3.5,0.4
57.634,45.436,65.382,5.81,131.0,True,True,1.068,1.5,5.6,1.5,2.4,0.326
57.643,44.969,65.901,0.18,23.0,False,True,1.056,5.7,6.2,4.2,7.3,0.423
57.694,44.926,65.912,2.68,81.0,False,True,1.053,6.3,3.6,5.3,9.0,0.325
57.703,46.214,69.121,4.35,33.0,False,True,1.064,1.9,5.3,2.4,1.7,0.411
57.716,46.216,69.099,4.94,36.0,False,True,1.078,5.1,5.2,3.8,2.3,0.31
57.749,46.358,66.103,1.98,36.0,False,True,1.06,6.7,5.2,3.2,3.8,0.431
57.775,46.356,66.108,4.64,138.0,False,True,1.054,0.2,6.3,3.0,5.4,0.316
57.835,47.754,66.231,8.66,75.0,False,True,1.081,6.5,7.0,2.9,3.4,0.433
57.863,45.259,65.012,5.35,20.0,False,True,1.089,0.8,6.4,3.4,7.0,0.444
57.864,45.259,65.864,3.22,137.0,True,True,1.071,3.4,4.8,0.4,8.8,0.371
57.912,46.924,65.773,0.56,12.0,True,True,1.073,2.5,6.7,4.6,6.2,0.413
57.918,46.915,65.712,4.78,75.0,False,False,1.082,0.3,4.9,2.4,8.7,0.344
57.946,46.534,66.031,5.93,21.0,False,True,1.055,6.4,3.9,0.1,7.2,0.368
58.012,45.684,68.818,2.63,38.0,False,False,1.067,7.2,3.5,4.8,4.9,0.373
58.014,45.678,68.125,4.37,144.0,False,False,1.052,3.4,6.2,3.3,9.4,0.442
58.015,45.405,65.578,6.1,64.0,True,False,1.073,3.1,6.0,4.8,1.6,0.357
58.015,45.334,68.812,4.42,96.0,False,True,1.064,5.3,4.4,0.3,9.0,0.418
58.021,45.634,68.801,3.52,64.0,False,False,1.059,6.4,5.2,2.6,6.2,0.394
58.027,45.546,65.623,1.18,5.0,False,True,1.088,7.2,4.0,4.4,9.1,0.303
58.043,45.578,65.602,0.72,28.0,False,False,1.073,1.8,7.3,0.8,7.3,0.394
58.054,45.324,68.012,6.87,75.0,False,True,1.071,1.4,3.7,5.6,1.4,0.307
58.063,45.459,65.502,4.6,47.0,False,True,1.084,2.1,4.1,0.1,6.4,0.315
58.063,45.416,65.512,4.63,142.0,False,True,1.078,3.5,5.3,4.7,1.6,0.428
58.072,45.447,65.532,7.63,109.0,False,True,1.075,0.7,4.2,4.1,1.4,0.402
58.101,46.678,68.098,6.72,87.0,False,False,1.074,4.1,5.6,3.6,3.5,0.328
58.129,46.106,66.211,7.71,146.0,False,True,1.052,1.3,5.9,3.6,6.6,0.323
58.154,46.146,66.233,8.88,107.0,False,False,1.077,1.5,6.4,4.2,4.7,0.399
58.165,46.671,68.093,8.18,103.0,False,True,1.063,4.3,4.5,0.3,4.1,0.446
58.168,46.576,68.009,1.41,100.0,False,True,1.073,3.1,5.0,4.0,9.4,0.447
58.192,46.134,66.211,7.9,19.0,False,True,1.072,6.8,5.3,5.1,0.1,0.42
58.216,45.337,65.664,3.09,20.0,False,True,1.077,0.2,7.0,5.8,4.3,0.36
58.229,45.324,65.646,2.46,139.0,False,True,1.063,2.2,6.7,3.0,9.0,0.352
58.236,46.168,68.004,5.56,64.0,False,True,1.065,1.1,3.7,0.1,3.0,0.313
58.246,45.989,66.144,7.86,89.0,False,True,1.059,0.6,4.0,4.5,7.9,0.301
58.247,45.934,66.146,8.8,42.0,False,True,1.053,1.4,6.0,4.7,9.6,0.404
58.263,46.198,68.984,4.79,72.0,False,True,1.065,2.0,5.2,0.2,0.7,0.356
58.271,45.368,65.613,8.32,138.0,True,True,1.055,2.4,7.2,5.3,10.0,0.427
58.273,45.905,66.107,8.38,59.0,False,True,1.071,3.3,6.3,0.6,3.9,0.329
58.291,46.147,68.098,8.88,99.0,True,True,1.083,5.3,7.1,4.3,9.2,0.428
58.317,45.745,65.911,1.32,113.0,False,False,1.052,5.6,5.2,4.9,2.4,0.347
58.321,45.754,65.921,2.6,55.0,False,False,1.09,4.2,4.5,1.5,6.9,0.373
58.323,45.298,65.643,4.64,81.0,False,False,1.059,4.9,5.8,0.9,6.6,0.386
58.336,45.224,65.671,5.71,62.0,False,True,1.09,0.4,6.7,4.5,5.3,0.334
58.353,45.794,65.901,8.56,108.0,False,True,1.083,0.3,3.9,3.4,3.4,0.375
58.371,45.257,65.652,2.99,22.0,False,False,1.074,5.5,6.6,2.4,4.1,0.353
58.425,45.056,65.535,6.66,137.0,False,True,1.087,4.1,6.4,3.9,1.2,0.383
58.435,45.682,65.571,0.07,5.0,False,False,1.077,3.3,4.2,1.2,9.2,0.432
58.456,45.456,65.512,5.77,71.0,False,False,1.073,1.9,4.9,2.6,8.5,0.319
58.616,44.527,65.237,0.69,90.0,False,True,1.074,4.0,3.8,0.1,2.2,0.438
58.652,44.545,65.293,8.62,59.0,False,True,1.071,5.6,6.9,3.7,3.8,0.386
58.698,44.568,65.211,7.27,5.0,False,True,1.074,0.4,7.2,2.4,4.2,0.449
58.712,45.307,65.921,1.72,25.0,False,True,1.066,5.2,5.4,1.9,7.3,0.318
58.742,45.389,65.941,4.15,34.0,False,False,1.064,3.8,3.9,0.9,5.7,0.42
58.758,45.337,65.903,5.65,87.0,False,True,1.052,1.8,6.5,5.3,6.0,0.385
58.833,45.267,67.008,4.02,110.0,True,True,1.074,4.4,6.7,3.0,2.1,0.374
58.835,45.838,66.045,0.02,13.0,False,True,1.06,3.6,4.6,4.0,3.1,0.305
58.848,45.859,66.178,6.44,54.0,False,True,1.067,5.2,3.2,3.8,0.9,0.334
58.876,45.834,66.881,8.32,104.0,False,False,1.064,4.4,3.8,1.9,0.6,0.39
58.881,45.286,67.244,6.69,81.0,False,True,1.081,5.6,5.3,4.4,7.9,0.401
58.883,45.294,67.091,5.93,83.0,False,True,1.08,4.4,3.2,3.5,10.2,0.314
58.925,45.317,68.125,7.09,88.0,True,True,1.058,3.3,5.3,1.2,2.4,0.315
58.951,45.494,65.576,3.73,32.0,True,False,1.082,2.5,7.2,0.6,9.7,0.444
58.966,45.326,68.023,8.57,37.0,False,True,1.089,1.0,7.0,3.8,10.2,0.346
58.971,45.445,65.527,4.54,146.0,False,True,1.074,3.2,5.9,3.5,2.1,0.338
58.976,45.346,68.123,1.23,30.0,True,True,1.077,4.4,4.7,4.5,3.5,0.385
58.982,45.347,68.156,6.48,47.0,False,True,1.058,4.4,4.2,1.1,9.3,0.434
59.301,45.906,67.208,4.11,123.0,False,True,1.064,3.7,7.0,1.8,4.5,0.344
59.321,45.908,67.206,4.03,17.0,False,True,1.071,1.8,5.2,5.9,8.3,0.375
59.34,44.428,66.208,1.98,119.0,False,True,1.066,1.4,5.9,3.7,5.3,0.379
59.342,45.956,67.559,0.51,100.0,False,True,1.087,3.4,3.9,3.2,2.8,0.417
59.362,44.423,66.905,8.29,6.0,False,True,1.076,2.8,6.1,0.7,2.8,0.445
59.397,44.436,66.541,4.23,123.0,True,True,1.084,4.4,6.6,0.5,7.4,0.429
59.413,45.367,67.009,6.89,150.0,True,False,1.076,1.1,7.2,2.8,5.3,0.396
59.425,45.357,67.912,4.83,147.0,False,False,1.086,5.7,6.6,5.7,0.3,0.391
59.456,45.375,67.777,8.86,70.0,True,True,1.055,7.2,4.8,3.5,3.7,0.401
59.575,45.394,65.071,8.76,66.0,False,False,1.088,4.4,6.6,1.9,2.3,0.305
59.587,45.304,65.512,0.84,70.0,False,True,1.066,4.6,4.3,0.0,3.6,0.393
59.597,45.379,65.007,0.71,53.0,False,True,1.069,1.1,3.5,0.2,0.7,0.437
59.715,45.379,69.031,5.52,14.0,False,True,1.073,5.9,4.8,0.0,1.2,0.339
59.727,45.326,69.036,4.71,124.0,True,True,1.078,4.1,3.5,2.2,9.3,0.428
59.757,45.324,69.312,2.19,102.0,False,True,1.084,7.0,5.3,4.0,6.0,0.424
61.041,45.558,68.301,2.0,84.0,False,False,1.089,2.6,3.9,4.1,7.7,0.417
61.054,45.546,68.298,7.76,94.0,False,True,1.089,0.2,4.5,3.6,9.7,0.429
61.972,45.536,68.218,5.13,46.0,False,False,1.081,7.2,6.5,3.4,7.9,0.383
62.002,45.634,68.306,5.2,120.0,False,True,1.06,0.7,4.7,1.3,9.3,0.327
62.003,45.714,68.331,3.59,51.0,False,False,1.055,4.7,3.8,5.5,2.1,0.441
